name,description
Code review & quality,"Automated review, static-analysis-style checks, and quality gates applied to code before or during merge."
Codebase migration & modernization,"Large-scale refactors, framework upgrades, and legacy-to-modern migrations driven semi-autonomously."
Developer pair programming,"In-IDE, real-time coding assistance: autocomplete, inline edits, and chat-driven changes as a developer works."
Autonomous end-to-end engineering,"Given a ticket or goal, an agent plans, writes, tests, and iterates on code with minimal supervision."
Desktop & legacy UI automation,"Agents that operate a screen (mouse/keyboard/screenshots) to automate systems that expose no API."
Autonomous web task completion,"Agents that browse the live web to complete multi-step tasks -- bookings, forms, comparisons, purchases -- on a user's behalf."
Web & competitive research,"Cited, multi-source research and research-brief generation: market, competitor, academic, or regulatory."
Enterprise RAG & knowledge management,"Retrieval-augmented generation and search over an organization's own documents and internal tools."
Multi-agent orchestration & observability,"Frameworks and tooling for coordinating multiple specialized agents and tracing/debugging their runs in production."
Customer support automation,"Agents that triage, resolve, or draft responses to customer support requests, with or without human handoff."
"Sales, marketing & content generation","Drafting marketing copy, sales content, research briefs, or product listings via an agent pipeline."
Compliance & regulatory documentation,"Drafting, cross-checking, or researching documents against regulatory, safety, or contractual requirements."
Industrial operations & predictive maintenance,"Agents monitoring plant, vehicle, or warehouse telemetry to triage alerts, inspect quality, or flag maintenance needs."
Procurement & vendor operations,"Sourcing, RFQ comparison, booking, and negotiation-prep tasks across supplier and vendor portals."
HR & workforce operations,"Screening, onboarding, scheduling, and policy Q&A automation for HR and frontline-staffing teams."
